State,City,PostalCode,Latitude,Longitude,Users,Orders,Revenue,AvgDemand,AvgCapacity,Months,DemandGap,RevenuePerUser,UserDensity,OpportunityScore
Andhra Pradesh,Visakhapatnam,530001,17.6868,83.2185,2538,1738,2309439.7600000002,1.1516666666666666,1.0958333333333334,12,0.05583333333333318,909.9447438928291,211.5,0.9258426966292134
Karnataka,Mysuru,570001,12.2958,76.6394,2205,1439,1982489.54,1.0999999999999999,1.0258333333333334,12,0.07416666666666649,899.0882267573696,183.75,0.8878217523844412
Haryana,Gurugram,122001,28.4595,77.0266,2169,1364,2009688.68,1.1258333333333332,1.0574999999999999,12,0.06833333333333336,926.5507976025818,180.75,0.8799123378527753
Andhra Pradesh,Vijayawada,520001,16.5062,80.648,2460,1653,2269881.89,1.0558333333333334,0.9975,12,0.05833333333333335,922.7162154471545,205.0,0.8355563409651435
Gujarat,Ahmedabad,380001,23.0225,72.5714,2018,1396,1854300.07,1.0516666666666667,0.9958333333333332,12,0.05583333333333351,918.8801139742319,168.16666666666666,0.7335671088595341
Rajasthan,Jaipur,302001,26.9124,75.7873,1927,1313,1577699.73,1.0025,0.9391666666666666,12,0.06333333333333335,818.7336429683446,160.58333333333334,0.7022231727662789
Maharashtra,Pune,411001,18.5204,73.8567,2186,1572,1836054.96,1.0666666666666667,1.06,12,0.006666666666666599,839.915352241537,182.16666666666666,0.5814889459623664
Karnataka,Bengaluru,560001,12.9716,77.5946,2328,1620,2295126.79,1.0058333333333334,1.2091666666666667,12,0.0,985.8792053264605,194.0,0.5290021980034801
Tamil Nadu,Madurai,625001,9.9252,78.1198,2033,1345,1816187.6,0.9658333333333333,0.9466666666666667,12,0.019166666666666665,893.3534677816036,169.41666666666666,0.5122617127992102
Kerala,Kochi,682001,9.9312,76.2673,2259,1576,2114520.4,0.9983333333333334,1.0091666666666665,12,0.0,936.0426737494466,188.25,0.5085958944434996
West Bengal,Kolkata,700001,22.5726,88.3639,2316,1513,1992537.71,0.9775,1.0316666666666667,12,0.0,860.335798791019,193.0,0.5015259769994636
Telangana,Hyderabad,500001,17.385,78.4867,2123,1575,2295992.99,1.0083333333333333,1.1166666666666667,12,0.0,1081.4851577955724,176.91666666666666,0.4903134771630055
Madhya Pradesh,Indore,452001,22.7196,75.8577,2131,1450,1995600.74,1.0016666666666667,1.0625,12,0.0,936.4621022993899,177.58333333333334,0.4860080070126779
Tamil Nadu,Chennai,600001,13.0827,80.2707,2038,1458,2025262.21,1.02,1.0775,12,0.0,993.7498577036309,169.83333333333334,0.4836820483299099
Tamil Nadu,Coimbatore,641001,11.0168,76.9558,2084,1334,1633828.8599999999,1.0016666666666667,1.1175,12,0.0,783.9869769673704,173.66666666666666,0.4766305129983123
Delhi,New Delhi,110001,28.6139,77.209,2078,1395,1689049.08,0.9966666666666667,1.2341666666666666,12,0.0,812.8243888354187,173.16666666666666,0.47100715659466463
Uttar Pradesh,Lucknow,226001,26.8467,80.9462,2117,1453,1872009.74,0.9791666666666666,1.06,12,0.0,884.274794520548,176.41666666666666,0.46329667813640696
Maharashtra,Mumbai,400001,19.076,72.8777,2055,1312,1874300.54,0.9691666666666667,1.1225,12,0.0,912.0683892944039,171.25,0.44207390786702083
Gujarat,Surat,395001,21.1702,72.8311,1906,1276,1959503.93,0.9566666666666667,1.0483333333333333,12,0.0,1028.0713168940188,158.83333333333334,0.4012796828594979
Maharashtra,Nagpur,440001,21.1458,79.0882,1914,1332,1781214.43,0.8766666666666666,1.095,12,0.0,930.6240491118077,159.5,0.33205617992228476
Andhra Pradesh,Tirupati,517501,13.6288,79.4192,1944,1279,1831044.04,0.8416666666666667,1.0725,12,0.0,941.8950823045268,162.0,0.3070582078421624
Odisha,Bhubaneswar,751001,20.2961,85.8245,1800,1197,1568384.2,0.8300000000000001,0.9408333333333334,12,0.0,871.3245555555555,150.0,0.2679992934988814
Punjab,Ludhiana,141001,30.901,75.8573,1518,1036,1385379.44,0.8225000000000001,1.0941666666666667,12,0.0,912.634677206851,126.5,0.20509498515039326
Telangana,Warangal,506001,17.9689,79.5941,1285,825,1212362.6,0.7358333333333333,1.0083333333333333,12,0.0,943.4728404669262,107.08333333333333,0.08188524590163929
Bihar,Patna,800001,25.5941,85.1376,1388,932,1173712.04,0.6433333333333334,1.0641666666666667,12,0.0,845.6138616714697,115.66666666666667,0.020550678371907445
